provider,title,offer_text,conditions,discount_percent,offer_url,source_url,fetched_at
Alex Mill,Alex Mill: 10% Off your first purchase,Subscribe to our newsletter and get 10% off your first purchase.,Your first purchase,10,https://www.alexmill.com/collections/womens-sale,https://www.alexmill.com/collections/womens-sale,2026-09-17T06:22:03+00:00
Amazon,Amazon: 25% Off or more on home,25% off or more on home,Or more on home,25,https://www.amazon.com/gp/goldbox,https://www.amazon.com/gp/goldbox,2026-09-17T06:19:52+00:00
American Giant,American Giant: Free Shipping on Orders $150+,Free Shipping on Orders $150+,On Orders $150+,,https://www.american-giant.com/collections/sale-page,https://www.american-giant.com/collections/sale-page,2026-09-17T06:22:04+00:00
Atlas Coffee Club,Atlas Coffee Club: 50% Off Your First Order,Want 50% Off Your First Order?,Your First Order,50,https://atlascoffeeclub.com/collections/indonesia-offer-subscription,https://atlascoffeeclub.com/collections/indonesia-offer-subscription,2026-09-17T06:59:42+00:00
Atlas Coffee Club,Atlas Coffee Club: Free Shipping (applies to US only,Free Shipping (applies to US only,(applies to US only,,https://atlascoffeeclub.com/collections/indonesia-offer-subscription,https://atlascoffeeclub.com/collections/indonesia-offer-subscription,2026-09-17T06:59:42+00:00
Banana Republic,Banana Republic: Extra 20% Off your first purchase,Extra 20% Off your first purchase,Your first purchase,20,https://bananarepublic.gap.com/browse/category.do?cid=69883,https://bananarepublic.gap.com/browse/category.do?cid=69883,2026-09-17T06:18:32+00:00
Biossance,Biossance: $20 Off,Sign up for texts and get $20 off your first purchase,Your first purchase,,https://www.biossance.com/c/offers/,https://www.biossance.com/c/offers/,2026-09-17T06:22:29+00:00
Biossance,Biossance: 20% Off HEALTHCARE HEROES,20% OFF FOR HEALTHCARE HEROES,FOR HEALTHCARE HEROES,20,https://www.biossance.com/c/offers/,https://www.biossance.com/c/offers/,2026-09-17T06:22:29+00:00
Biossance,Biossance: 20% Off STUDENTS,20% OFF FOR STUDENTS,FOR STUDENTS,20,https://www.biossance.com/c/offers/,https://www.biossance.com/c/offers/,2026-09-17T06:22:29+00:00
Biossance,Biossance: 20% Off STUDENTS Verify your student,20% OFF FOR STUDENTS Verify your student status to unlock your exclusive 20% discount. Unlock Now,FOR STUDENTS Verify your student status to unlock your exclusive 20% discount,20,https://secure.gocertify.me/at/biossance/student,https://www.biossance.com/c/offers/,2026-09-17T06:22:29+00:00
Biossance,Biossance: 20% Off TEACHERS,20% OFF FOR TEACHERS,FOR TEACHERS,20,https://www.biossance.com/c/offers/,https://www.biossance.com/c/offers/,2026-09-17T06:22:29+00:00
Biossance,Biossance: 20% Off TEACHERS A little thank,20% OFF FOR TEACHERS A little thank you for everything you do. Verify your status to receive 20% off. Unlock Now,FOR TEACHERS A little thank you for everything you do,20,https://secure.gocertify.me/at/biossance/teacher,https://www.biossance.com/c/offers/,2026-09-17T06:22:29+00:00
Biossance,Biossance: Free Shipping IN APP,FREE SHIPPING IN APP,IN APP,,https://www.biossance.com/c/offers/,https://www.biossance.com/c/offers/,2026-09-17T06:22:29+00:00
Biossance,Biossance: Free Shipping IN APP Exclusively on,FREE SHIPPING IN APP Exclusively on the Biossance app DOWNLOAD APP,IN APP Exclusively on the Biossance app DOWNLOAD APP,,https://www.biossance.com/c/biossance-app/,https://www.biossance.com/c/offers/,2026-09-17T06:22:29+00:00
Boll & Branch,Boll & Branch: 15% Off your first order of,15% off your first order of $200+,Your first order of $200+,15,https://www.bollandbranch.com/collections/sale/,https://www.bollandbranch.com/collections/sale/,2026-09-17T06:21:16+00:00
Cocokind,Cocokind: 10% Off plus early access,"get 10% off plus early access to launches, skincare tips and more","Plus early access to launches, skincare tips and more",10,https://www.cocokind.com/collections/sale,https://www.cocokind.com/collections/sale,2026-09-17T06:22:41+00:00
Cocokind,Cocokind: Free Shipping on orders $50+,Free shipping on orders $50+,On orders $50+,,https://www.cocokind.com/collections/sale,https://www.cocokind.com/collections/sale,2026-09-17T06:22:41+00:00
Coterie,Coterie: 10% Off every Auto Renew order,10% off every Auto Renew order. Free shipping when you bundle.,Every Auto Renew order,10,https://www.coterie.com/military,https://www.coterie.com/military,2026-09-17T06:59:46+00:00
Coterie,Coterie: 15% Off Auto-Renew Orders,Military Discounts | 15% Off Auto-Renew Orders,Auto-Renew Orders,15,https://www.coterie.com/military,https://www.coterie.com/military,2026-09-17T06:59:46+00:00
Coterie,Coterie: Free Shipping on both of your,"If you are looking to create an additional monthly shipment, proceed to checkout. Note that with your second Auto-Renew purchase you will qualify for free shipping on both of your active Auto-Renews.",On both of your active Auto-Renews,,https://www.coterie.com/military,https://www.coterie.com/military,2026-09-17T06:59:46+00:00
Cotopaxi,Cotopaxi: Free Shipping On Orders $99+,Free Standard Shipping On Orders $99+,On Orders $99+,,https://www.cotopaxi.com/collections/sale,https://www.cotopaxi.com/collections/sale,2026-09-17T06:21:02+00:00
Cotopaxi,Cotopaxi: HOLIDAY GIFT WITH PURCHASE,HOLIDAY GIFT WITH PURCHASE,HOLIDAY GIFT WITH PURCHASE,,https://www.cotopaxi.com/collections/sale,https://www.cotopaxi.com/collections/sale,2026-09-17T06:21:02+00:00
Dell,Dell: Extra 50% Off AW5625P Backpack,​Get extra 50% off AW5625P Backpack with any Alienware Laptop purchase,AW5625P Backpack with any Alienware Laptop purchase,50,https://www.dell.com/en-us/shop/dell-deals/ar/8240,https://www.dell.com/en-us/shop/dell-deals/ar/8240,2026-09-17T02:25:27+00:00
Dell,Dell: Extra 50% Off AW7825P Backpack,​Get extra 50% off AW7825P Backpack with any Alienware Laptop purchase,AW7825P Backpack with any Alienware Laptop purchase,50,https://www.dell.com/en-us/shop/dell-deals/ar/8240,https://www.dell.com/en-us/shop/dell-deals/ar/8240,2026-09-17T02:25:27+00:00
Dell,Dell: Free Shipping on accessories,Does Dell offer free shipping on accessories?,On accessories,,https://www.dell.com/en-us/shop/dell-deals/ar/8240,https://www.dell.com/en-us/shop/dell-deals/ar/8240,2026-09-17T02:25:27+00:00
Ergobaby,Ergobaby: 15% Off your first purchase,"If you sign up here, it can. Get 15% off your first purchase.",Your first purchase,15,https://ergobaby.com/en-us/collections/sale,https://ergobaby.com/en-us/collections/sale,2026-09-17T06:59:48+00:00
Ergobaby,Ergobaby: Free Shipping OVER $50 USD,FREE SHIPPING OVER $50 USD,OVER $50 USD,,https://ergobaby.com/en-us/collections/sale,https://ergobaby.com/en-us/collections/sale,2026-09-17T06:59:48+00:00
Everlane,Everlane: 15% Off your first order,for 15% off your first order.,Your first order,15,https://www.everlane.com/collections/womens-sale,https://www.everlane.com/collections/womens-sale,2026-09-17T06:21:51+00:00
Everlane,Everlane: 20% Off your first order,Sign up to receive 20% off your first order.,Your first order,20,https://www.everlane.com/collections/womens-sale,https://www.everlane.com/collections/womens-sale,2026-09-17T06:21:51+00:00
Faherty,Faherty: 15% Off your first online purchase,Get 15% off your first online purchase when you sign up!,Your first online purchase when you sign up,15,https://fahertybrand.com/collections/sale,https://fahertybrand.com/collections/sale,2026-09-17T06:21:53+00:00
Faherty,Faherty: Free Shipping ON ORDERS $150+,FREE SHIPPING ON ORDERS $150+,ON ORDERS $150+,,https://fahertybrand.com/collections/sale,https://fahertybrand.com/collections/sale,2026-09-17T06:21:53+00:00
Faherty,Faherty: Free Shipping Over $150,Free Shipping Over $150,Over $150,,https://fahertybrand.com/collections/sale,https://fahertybrand.com/collections/sale,2026-09-17T06:21:53+00:00
Gap,Gap: 30% Off your purchase with Code YOURS,30% off your purchase. Code YOURS,Your purchase; Code YOURS,30,https://www.gap.com/browse/category.do?cid=6998,https://www.gap.com/browse/category.do?cid=6998,2026-09-17T06:18:31+00:00
Gap,Gap: Extra 20% Off your first purchase,Extra 20% off your first purchase with your new card.,Your first purchase with your new card,20,https://www.gap.com/browse/category.do?cid=6998,https://www.gap.com/browse/category.do?cid=6998,2026-09-17T06:18:31+00:00
Google Store,"Google Store: $1,100 Off","Get the new Google Pixel 11 Pro on us or get $1,100 off the new Google Pixel 11 Pro XL, plus $10/mo off your phone plan when you join Google Fi Wireless.","The new Google Pixel 11 Pro XL, plus $10/mo off your phone plan when you join Google Fi Wireless",,https://store.google.com/us/collection/offers?hl=en-US,https://store.google.com/us/collection/offers?hl=en-US,2026-09-17T06:21:00+00:00
Google Store,Google Store: $300 Off,"Get $300 off instantly and $799 back over 24 monthly credits. Plus, a $10/mo service credit for 2 years on the Unlimited Premium plan.",Instantly and $799 back over 24 monthly credits,,https://store.google.com/us/collection/offers?hl=en-US,https://store.google.com/us/collection/offers?hl=en-US,2026-09-17T06:21:00+00:00
Google Store,Google Store: Up To 40% Off a Google-certified refurbished Pixel,Get up to 40% off a Google-certified refurbished Pixel phone.,A Google-certified refurbished Pixel phone,40,https://store.google.com/us/collection/offers?hl=en-US,https://store.google.com/us/collection/offers?hl=en-US,2026-09-17T06:21:00+00:00
Great Jones,"Great Jones: Free Shipping $100+, 30-day trial, free","Free shipping $100+, 30-day trial, free returns","$100+, 30-day trial, free returns",,https://greatjonesgoods.com/collections/warehouse-sale,https://greatjonesgoods.com/collections/warehouse-sale,2026-09-17T06:21:13+00:00
ILIA Beauty,ILIA Beauty: 15% Off your first order,15% off your first order,Your first order,15,https://iliabeauty.com/collections/ilia-sale,https://iliabeauty.com/collections/ilia-sale,2026-09-17T06:22:54+00:00
ILIA Beauty,ILIA Beauty: 20% Off All Sets,20% Off All Sets,All Sets,20,https://iliabeauty.com/collections/ilia-sale,https://iliabeauty.com/collections/ilia-sale,2026-09-17T06:22:54+00:00
ILIA Beauty,ILIA Beauty: 20% Off Sitewide Sign in /,20% Off Sitewide Sign in / join VIP to shop,Sitewide Sign in / join VIP to shop,20,https://iliabeauty.com/account/register,https://iliabeauty.com/collections/ilia-sale,2026-09-17T06:22:54+00:00
ILIA Beauty,ILIA Beauty: 20% Off Subscriptions Forever,20% Off Subscriptions Forever,Subscriptions Forever,20,https://iliabeauty.com/collections/ilia-sale,https://iliabeauty.com/collections/ilia-sale,2026-09-17T06:22:54+00:00
ILIA Beauty,ILIA Beauty: 30% Off of Multi-Stick,30% Off of Multi-Stick,Of Multi-Stick,30,https://iliabeauty.com/collections/ilia-sale,https://iliabeauty.com/collections/ilia-sale,2026-09-17T06:22:54+00:00
ILIA Beauty,ILIA Beauty: 40% Off of Color Haze,40% Off of Color Haze,Of Color Haze,40,https://iliabeauty.com/collections/ilia-sale,https://iliabeauty.com/collections/ilia-sale,2026-09-17T06:22:54+00:00
ILIA Beauty,ILIA Beauty: 40% Off of Eye Tint,40% Off of Eye Tint,Of Eye Tint,40,https://iliabeauty.com/collections/ilia-sale,https://iliabeauty.com/collections/ilia-sale,2026-09-17T06:22:54+00:00
ILIA Beauty,ILIA Beauty: FREE GIFT ON ALL VIP ORDERS + MORE,FREE GIFT ON ALL VIP ORDERS + MORE,ON ALL VIP ORDERS,,https://iliabeauty.com/collections/ilia-sale,https://iliabeauty.com/collections/ilia-sale,2026-09-17T06:22:54+00:00
Kinship,Kinship: Free Shipping with orders $50+,Free Standard Shipping with orders $50+,With orders $50+,,https://lovekinship.com/collections/sale,https://lovekinship.com/collections/sale,2026-09-17T06:23:04+00:00
Kosas,Kosas: 10% Off Your First Order,10% Off Your First Order,Your First Order,10,https://kosas.com/pages/offers,https://kosas.com/pages/offers,2026-09-17T06:23:15+00:00
Kosas,Kosas: Free Shipping on US Orders $50+,Free Shipping on US Orders $50+ & Free Returns,On US Orders $50+ & Free Returns,,https://kosas.com/pages/offers,https://kosas.com/pages/offers,2026-09-17T06:23:15+00:00
Lenovo,Lenovo: $100 Off,"New Lenovo Pro members get $100 off first order of $1,000+, exclusive savings & 1:1 tech support.","First order of $1,000+, exclusive savings & 1:1 tech support",,https://www.lenovo.com/us/en/d/deals/,https://www.lenovo.com/us/en/d/deals/,2026-09-17T06:20:58+00:00
Lovevery,Lovevery: Subscribe to The Play Kits for a free gift,Subscribe to The Play Kits for a free gift. Gift options rotate periodically. Terms apply.,Subscribe to The Play Kits for a free gift. Gift options rotate periodically. Terms apply.,,https://lovevery.com/pages/coupons,https://lovevery.com/pages/coupons,2026-09-17T06:59:50+00:00
M.M.LaFleur,M.M.LaFleur: Up To 20% Off Bundle & Save Knits,"Up to 20% off Bundle & Save Knits, T-shirts and workwear. Save Now","Bundle & Save Knits, T-shirts and workwear",20,https://mmlafleur.com/pages/bundles,https://mmlafleur.com/collections/sale,2026-09-17T06:22:27+00:00
Made In,"Made In: Up To 20% Off Best Selling Cookware, Knives","For a Limited Time Only — New Customers Take up to 20% Off Best Selling Cookware, Knives, Bakeware and more.","Best Selling Cookware, Knives, Bakeware and more",20,https://madeincookware.com/collections/new-customer-welcome-offer,https://madeincookware.com/collections/new-customer-welcome-offer,2026-09-17T06:21:12+00:00
Marine Layer,Marine Layer: 20% Off Any 3 Tees,20% Off Any 3 Tees,Any 3 Tees,20,https://www.marinelayer.com/collections/last-call,https://www.marinelayer.com/collections/last-call,2026-09-17T06:21:57+00:00
Marine Layer,Marine Layer: Free Shipping on $75+,Free Shipping on $75+,On $75+,,https://www.marinelayer.com/collections/last-call,https://www.marinelayer.com/collections/last-call,2026-09-17T06:21:57+00:00
Marine Layer,Marine Layer: Free Shipping on Orders $75+,Free Shipping on Orders $75+,On Orders $75+,,https://www.marinelayer.com/collections/last-call,https://www.marinelayer.com/collections/last-call,2026-09-17T06:21:57+00:00
Marine Layer,Marine Layer: Free Shipping on orders over $75,Free shipping on orders over $75,On orders over $75,,https://www.marinelayer.com/collections/last-call,https://www.marinelayer.com/collections/last-call,2026-09-17T06:21:57+00:00
Mountain Hardwear,"Mountain Hardwear: 15% Off your first order, new","Subscribe to email or texts for 15% off your first order, new product announcements and more.","Your first order, new product announcements and more",15,https://www.mountainhardwear.com/outdoor-clothing-outlet/,https://www.mountainhardwear.com/outdoor-clothing-outlet/,2026-09-17T06:21:09+00:00
Mountain Hardwear,Mountain Hardwear: Free Shipping & summit-level perks,Members get Free Shipping & summit-level perks,& summit-level perks,,https://www.mountainhardwear.com/on/demandware.store/Sites-MountainHardwear_US-Site/en_US/Login-Show,https://www.mountainhardwear.com/outdoor-clothing-outlet/,2026-09-17T06:21:09+00:00
Mountain Hardwear,Mountain Hardwear: Up To 15% Off Sign Up For Email,GET UP TO 15% OFF Sign Up For Email & Texts,Sign Up For Email & Texts,15,javascript:void(0),https://www.mountainhardwear.com/outdoor-clothing-outlet/,2026-09-17T06:21:09+00:00
Mountain Hardwear,Mountain Hardwear: Up To 70% Off original pricing,"Deep markdowns on past season styles, up to 70% off original pricing. All sales final.",Original pricing,70,https://www.mountainhardwear.com/outdoor-clothing-outlet/,https://www.mountainhardwear.com/outdoor-clothing-outlet/,2026-09-17T06:21:09+00:00
Necessaire,Necessaire: $10 Off,Refer A Friend To Get $10 Off Your Next Purchase Of $50+,Your Next Purchase Of $50+,,https://necessaire.com/pages/referrals,https://necessaire.com/pages/referrals,2026-09-17T06:27:14+00:00
Nike,Nike: 10% Off,"Yes, celebrate your birthday month with 10% off on Nike.com and in-store. Click",On Nike,10,https://www.nike.com/promo-code,https://www.nike.com/promo-code,2026-09-17T06:19:27+00:00
Nordstrom Rack,Nordstrom Rack: Clearance Under $25,Clearance Under $25,Clearance items only,,https://www.nordstromrack.com/clearance,https://www.nordstromrack.com/clearance,2026-09-17T06:19:43+00:00
Nordstrom Rack,Nordstrom Rack: Clearance Under $50,Clearance Under $50,Clearance items only,,https://www.nordstromrack.com/clearance,https://www.nordstromrack.com/clearance,2026-09-17T06:19:43+00:00
Nordstrom Rack,Nordstrom Rack: Extra 40% Off select clearance,On now: take an extra 40% off select clearance! Also in stores. ALL SALES FINAL. Restrictions apply.,Select clearance,40,https://www.nordstromrack.com/clearance,https://www.nordstromrack.com/clearance,2026-09-17T06:19:43+00:00
Nordstrom Rack,Nordstrom Rack: Extra 40% Off select items,Extra 40% off select items,Select items,40,https://www.nordstromrack.com/clearance,https://www.nordstromrack.com/clearance,2026-09-17T06:19:43+00:00
Nordstrom Rack,Nordstrom Rack: Up To 60% Off select items,Up to 60% off select items,Select items,60,https://www.nordstromrack.com/clearance,https://www.nordstromrack.com/clearance,2026-09-17T06:19:43+00:00
Nordstrom Rack,Nordstrom Rack: Up To 64% Off select items,Up to 64% off select items,Select items,64,https://www.nordstromrack.com/clearance,https://www.nordstromrack.com/clearance,2026-09-17T06:19:43+00:00
Nordstrom Rack,Nordstrom Rack: Up To 66% Off select items,Up to 66% off select items,Select items,66,https://www.nordstromrack.com/clearance,https://www.nordstromrack.com/clearance,2026-09-17T06:19:43+00:00
Nordstrom Rack,Nordstrom Rack: Up To 81% Off select items,Up to 81% off select items,Select items,81,https://www.nordstromrack.com/clearance,https://www.nordstromrack.com/clearance,2026-09-17T06:19:43+00:00
Old Navy,Old Navy: 30% Off Your First Purchase,Cardmember Month Is ON! 30% Off Your First Purchase + Daily Card Offers,Your First Purchase,30,https://oldnavy.gap.com/browse/category.do?cid=26190,https://oldnavy.gap.com/browse/category.do?cid=26190,2026-09-17T06:18:29+00:00
Old Navy,Old Navy: Extra 20% Off Jeans Code: VIP,Card Perk! Extra 20% off Jeans Code: VIP,Jeans Code: VIP,20,https://oldnavy.gap.com/browse/category.do?cid=26190,https://oldnavy.gap.com/browse/category.do?cid=26190,2026-09-17T06:18:29+00:00
Outdoor Research,Outdoor Research: Free Shipping on US orders $125+,Free shipping on US orders $125+,On US orders $125+,,https://www.outdoorresearch.com/collections/sale,https://www.outdoorresearch.com/collections/sale,2026-09-17T06:21:08+00:00
Outdoor Voices,Outdoor Voices: Free Shipping on orders $100+,Free Shipping on orders $100+,On orders $100+,,https://www.outdoorvoices.com/collections/ov-extra,https://www.outdoorvoices.com/collections/ov-extra,2026-09-17T06:22:22+00:00
Outdoor Voices,Outdoor Voices: Free Shipping on orders over $100,Free Shipping on orders over $100 in the U.S.,On orders over $100 in the U,,https://www.outdoorvoices.com/collections/ov-extra,https://www.outdoorvoices.com/collections/ov-extra,2026-09-17T06:22:22+00:00
Outerknown,Outerknown: Free Shipping on Orders $125+,Free Shipping on Orders $125+,On Orders $125+,,https://www.outerknown.com/collections/sale-jeans,https://www.outerknown.com/collections/sale-jeans,2026-09-17T06:21:59+00:00
Perelel,Perelel: 20% Off when you pay it,Get 20% off when you pay it forward.,When you pay it forward,20,https://perelelhealth.com/collections/giveback-sale,https://perelelhealth.com/collections/giveback-sale,2026-09-17T06:59:44+00:00
Saie,Saie: Free Shipping on orders over $50+,Free shipping on orders over $50+ to the contiguous US,On orders over $50+ to the contiguous US,,https://saiehello.com/collections/our-biggest-sale-of-the-year,https://saiehello.com/collections/our-biggest-sale-of-the-year,2026-09-17T06:23:37+00:00
Samsung,"Samsung: Up To 30% Off students, teachers, government, military","Save up to 30% off with exclusive offers for students, teachers, government, military and corporate employees. You could be eligible.","With exclusive offers for students, teachers, government, military and corporate employees",30,https://www.samsung.com/us/offers/,https://www.samsung.com/us/offers/,2026-09-17T06:20:10+00:00
Target,Target: 30% Off women’s tops*,30% 30% off women’s tops*,Women’s tops*,30,https://www.target.com/pl/8675-870877576872189?marketing_id=8675-870877576872189,https://www.target.com/c/top-deals/-/N-4xw74,2026-09-17T06:24:27+00:00
Target,Target: 50% Off chocolate & candy*,BOGO 50% BOGO 50% off chocolate & candy*,Chocolate & candy*,50,https://www.target.com/pl/941468854,https://www.target.com/c/top-deals/-/N-4xw74,2026-09-17T06:24:27+00:00
Target,Target: Up To 30% Off home items* + more,Up to 30% Up to 30% off home items* + more in-store deals,Home items*,30,https://www.target.com/c/home-clearance/-/N-5tg3v,https://www.target.com/c/top-deals/-/N-4xw74,2026-09-17T06:24:27+00:00
Target,Target: Up To 30% Off women’s shoes* Online only,Up to 30% Up to 30% off women’s shoes* Online only.,Women’s shoes* Online only,30,https://www.target.com/pl/449261218,https://www.target.com/c/top-deals/-/N-4xw74,2026-09-17T06:24:27+00:00
Target,Target: Up To 35% Off floor care items*,Up to 35% Up to 35% off floor care items*,Floor care items*,35,https://www.target.com/pl/8675-1899177024958720?marketing_id=8675-1899177024958720,https://www.target.com/c/top-deals/-/N-4xw74,2026-09-17T06:24:27+00:00
Target,Target: Up To 40% Off bedding & more* Online,Up to 40% Up to 40% off bedding & more* Online only.,Bedding & more* Online only,40,https://www.target.com/pl/988366896,https://www.target.com/c/top-deals/-/N-4xw74,2026-09-17T06:24:27+00:00
Target,Target: Up To 50% Off indoor furniture* Online only,Up to 50% Up to 50% off indoor furniture* Online only.,Indoor furniture* Online only,50,https://www.target.com/pl/8675-1902250149063350?marketing_id=8675-1902250149063350,https://www.target.com/c/top-deals/-/N-4xw74,2026-09-17T06:24:27+00:00
Taylor Stitch,Taylor Stitch: 20% Off your first purchase,Sign up for marketing emails to receive 20% off your first purchase.,Your first purchase,20,https://www.taylorstitch.com/collections/mens-last-call,https://www.taylorstitch.com/collections/mens-last-call,2026-09-17T06:22:01+00:00
Taylor Stitch,Taylor Stitch: Free Shipping & Returns On Every,Free Shipping & Returns On Every Domestic Order,& Returns On Every Domestic Order,,https://www.taylorstitch.com/collections/mens-last-call,https://www.taylorstitch.com/collections/mens-last-call,2026-09-17T06:22:01+00:00
Topo Designs,Topo Designs: Free gift with orders $125+,Free gift with orders $125+,With orders $125+,,https://topodesigns.com/collections/sale-collection,https://topodesigns.com/collections/sale-collection,2026-09-17T06:21:05+00:00
Tower 28 Beauty,Tower 28 Beauty: FREE GIFT WITH PURCHASE,FREE GIFT WITH PURCHASE,WITH PURCHASE,,https://www.tower28beauty.com/collections/eligible-for-promo,https://www.tower28beauty.com/collections/eligible-for-promo,2026-09-17T06:23:47+00:00
Ulta Beauty,Ulta Beauty: 20% Off the first purchase¹,Earn 2 Points per $1² + 20% off the first purchase¹ on your new card at Ulta Beauty. Learn More & Apply.,The first purchase¹ on your new card at Ulta Beauty,20,https://www.ulta.com/promotion/21-days-of-beauty,https://www.ulta.com/promotion/21-days-of-beauty,2026-09-17T06:19:34+00:00
Ulta Beauty,Ulta Beauty: 50% Off Daily and Weekly Beauty,50% off Daily and Weekly Beauty Steals®.,Daily and Weekly Beauty Steals®,50,https://www.ulta.com/promotion/21-days-of-beauty,https://www.ulta.com/promotion/21-days-of-beauty,2026-09-17T06:19:34+00:00
Ulta Beauty,Ulta Beauty: Free Shipping on Beauty Steals®,Diamond & Platinum: Get FREE SHIPPING on Beauty Steals®,Diamond & Platinum; on Beauty Steals®,,https://www.ulta.com/promotion/21-days-of-beauty,https://www.ulta.com/promotion/21-days-of-beauty,2026-09-17T06:19:34+00:00
Ulta Beauty,Ulta Beauty: Gift with Purchase,Gift with Purchase,Gift with Purchase,,https://www.ulta.com/promotion/21-days-of-beauty,https://www.ulta.com/promotion/21-days-of-beauty,2026-09-17T06:19:34+00:00
Universal Standard,Universal Standard: Free Shipping & Fast Returns,Free Shipping & Fast Returns,& Fast Returns,,https://www.universalstandard.com/pages/sale,https://www.universalstandard.com/pages/sale,2026-09-17T06:22:24+00:00
Versed,Versed: Free Shipping on US Orders $40+,Free Shipping on US Orders $40+,On US Orders $40+,,https://versedskin.com/collections/last-chance,https://versedskin.com/collections/last-chance,2026-09-17T06:24:03+00:00
Vuori,Vuori: Free Shipping With Orders Over $75,Free Standard Shipping With Orders Over $75,With Orders Over $75,,https://vuoriclothing.com/collections/sale,https://vuoriclothing.com/collections/sale,2026-09-17T02:23:19+00:00
Walmart,Walmart: Up To 65% Off your faves,Up to 65% off your faves,Your faves,65,https://www.walmart.com/shop/deals/flash-deals,https://www.walmart.com/shop/deals/flash-deals,2026-09-17T06:18:12+00:00
Wayfair,Wayfair: $40 Off,Your patronage means a lot and we want to show that to you by rewarding you each time you shop. Get $40 OFF your first qualifying order of $250+,Your first qualifying order of $250+,,https://www.wayfair.com/coupon-codes-policy,https://www.wayfair.com/coupon-codes-policy,2026-09-17T06:19:48+00:00
Wayfair,Wayfair: Free Shipping Over $35,Free Shipping Over $35,Over $35,,https://www.wayfair.com/coupon-codes-policy,https://www.wayfair.com/coupon-codes-policy,2026-09-17T06:19:48+00:00
Wayfair,Wayfair: Up To 70% Off Every Day,Up to 70% off Every Day,Every Day,70,https://www.wayfair.com/coupon-codes-policy,https://www.wayfair.com/coupon-codes-policy,2026-09-17T06:19:48+00:00
eBay,eBay: 20% Off home interiors,20% off home interiors,Home interiors,20,https://www.ebay.com/deals,https://www.ebay.com/deals,2026-09-17T06:20:06+00:00
eBay,eBay: 20% Off renewable energy,20% off renewable energy,Renewable energy,20,https://www.ebay.com/deals,https://www.ebay.com/deals,2026-09-17T06:20:06+00:00
eBay,"eBay: 20% Off tech, home, and more with Code FINDYOURS20","Use code FINDYOURS20 for 20% off tech, home, and more","Tech, home, and more; Code FINDYOURS20",20,https://www.ebay.com/deals,https://www.ebay.com/deals,2026-09-17T06:20:06+00:00
eBay,eBay: 30% Off EcoFlow with code EFSEP30OFF,30% off EcoFlow with code EFSEP30OFF,EcoFlow with code EFSEP30OFF,30,https://www.ebay.com/deals,https://www.ebay.com/deals,2026-09-17T06:20:06+00:00
eBay,eBay: Up To 50% Off men's and women's footwear,Up to 50% off men's and women's footwear,Men's and women's footwear,50,https://www.ebay.com/deals,https://www.ebay.com/deals,2026-09-17T06:20:06+00:00
eBay,eBay: Up To 50% Off refurbished home and tools,Save up to 50% off refurbished home and tools with warranty,Refurbished home and tools with warranty,50,https://www.ebay.com/deals,https://www.ebay.com/deals,2026-09-17T06:20:06+00:00
eBay,eBay: Up To 60% Off Refurbished cell phones,Up to 60% off eBay Refurbished cell phones and accessories,EBay Refurbished cell phones and accessories,60,https://www.ebay.com/deals,https://www.ebay.com/deals,2026-09-17T06:20:06+00:00
eBay,eBay: Up To 60% Off trusted Refurbished tech,"Save on trusted eBay Refurbished tech, up to 60% off with warranty",With warranty,60,https://www.ebay.com/deals,https://www.ebay.com/deals,2026-09-17T06:20:06+00:00
